{
  "name": "ldo_folded_cascode",
  "circuit_file": "circuits/ldo_folded_cascode/circuit.cir",
  "design_vars": {
    "W_M1": [
      20.0,
      4.0,
      100.0
    ],
    "L_M1": [
      1.0,
      0.3333333333333333,
      3.0
    ],
    "M_M1": [
      1,
      1,
      5
    ],
    "W_M3": [
      30.0,
      6.0,
      100.0
    ],
    "L_M3": [
      0.5,
      0.16666666666666666,
      1.5
    ],
    "M_M3": [
      1,
      1,
      5
    ],
    "W_M5": [
      10.0,
      2.0,
      50.0
    ],
    "L_M5": [
      0.5,
      0.16666666666666666,
      1.5
    ],
    "M_M5": [
      1,
      1,
      5
    ],
    "W_M7": [
      20.0,
      4.0,
      100.0
    ],
    "L_M7": [
      2.0,
      0.6666666666666666,
      4.0
    ],
    "M_M7": [
      1,
      1,
      5
    ],
    "W_M9": [
      30.0,
      6.0,
      100.0
    ],
    "L_M9": [
      0.5,
      0.16666666666666666,
      1.5
    ],
    "M_M9": [
      1,
      1,
      5
    ],
    "W_M10": [
      10.0,
      2.0,
      50.0
    ],
    "L_M10": [
      0.5,
      0.16666666666666666,
      1.5
    ],
    "M_M10": [
      250,
      50,
      50
    ],
    "Vb1": [
      1.0,
      0.3333333333333333,
      1.8
    ],
    "Vb2": [
      0.025,
      0.1,
      0.07500000000000001
    ],
    "M_Rfb": [
      1,
      1,
      5
    ],
    "M_Cfb": [
      10,
      2,
      50
    ],
    "M_CL": [
      240,
      48,
      50
    ]
  },
  "specs": {
    "dcgain": [
      ">",
      40.0
    ],
    "ugf": [
      ">",
      100000.0
    ],
    "pm": [
      ">",
      45.0
    ],
    "vout": [
      ">",
      0.5
    ]
  },
  "metrics_patterns": {
    "dcgain": "^dcgain1\\s*=\\s*([+-]?\\d+\\.?\\d*(?:[eE][+-]?\\d+)?)",
    "ugf": "^gain_bandwidth_product1\\s*=\\s*([+-]?\\d+\\.?\\d*(?:[eE][+-]?\\d+)?)",
    "pm": "^phase_margin\\s*=\\s*([+-]?\\d+\\.?\\d*(?:[eE][+-]?\\d+)?)",
    "vout": "^vos1\\s*=\\s*([+-]?\\d+\\.?\\d*(?:[eE][+-]?\\d+)?)"
  },
  "metrics_parser_type": "regex",
  "objective": {
    "type": "sum_violations"
  },
  "pdk_corner": "tt"
}