{
    "name": "sau_cfcc",
    "circuit_file": "circuits/sau_cfcc/circuit.cir",
    "design_vars": {
        "MOSFET_0_8_L_BIASCM_PMOS": [
            1.0,
            0.3333333333333333,
            3.0
        ],
        "MOSFET_0_8_M_BIASCM_PMOS": [
            4,
            1,
            20
        ],
        "MOSFET_0_8_W_BIASCM_PMOS": [
            1.0,
            0.42,
            5.0
        ],
        "MOSFET_10_1_L_gm2_PMOS": [
            1.0,
            0.3333333333333333,
            3.0
        ],
        "MOSFET_10_1_M_gm2_PMOS": [
            8,
            1,
            40
        ],
        "MOSFET_10_1_W_gm2_PMOS": [
            1.0,
            0.42,
            5.0
        ],
        "MOSFET_11_1_L_gmf2_PMOS": [
            1.0,
            0.3333333333333333,
            3.0
        ],
        "MOSFET_11_1_M_gmf2_PMOS": [
            8,
            1,
            40
        ],
        "MOSFET_11_1_W_gmf2_PMOS": [
            1.0,
            0.42,
            5.0
        ],
        "MOSFET_15_2_L_gmc_NMOS": [
            1.0,
            0.3333333333333333,
            3.0
        ],
        "MOSFET_15_2_M_gmc_NMOS": [
            8,
            1,
            40
        ],
        "MOSFET_15_2_W_gmc_NMOS": [
            1.0,
            0.42,
            5.0
        ],
        "MOSFET_17_7_L_BIASCM_NMOS": [
            1.0,
            0.3333333333333333,
            3.0
        ],
        "MOSFET_17_7_M_BIASCM_NMOS": [
            8,
            1,
            40
        ],
        "MOSFET_17_7_W_BIASCM_NMOS": [
            1.0,
            0.42,
            5.0
        ],
        "MOSFET_21_2_L_LOAD2_NMOS": [
            1.0,
            0.3333333333333333,
            3.0
        ],
        "MOSFET_21_2_M_LOAD2_NMOS": [
            8,
            1,
            40
        ],
        "MOSFET_21_2_W_LOAD2_NMOS": [
            1.0,
            0.42,
            5.0
        ],
        "MOSFET_23_1_L_gm3_NMOS": [
            1.0,
            0.3333333333333333,
            3.0
        ],
        "MOSFET_23_1_M_gm3_NMOS": [
            4,
            1,
            20
        ],
        "MOSFET_23_1_W_gm3_NMOS": [
            1.0,
            0.42,
            5.0
        ],
        "MOSFET_7_1_L_gmf1_PMOS": [
            1.0,
            0.3333333333333333,
            3.0
        ],
        "MOSFET_7_1_M_gmf1_PMOS": [
            4,
            1,
            20
        ],
        "MOSFET_7_1_W_gmf1_PMOS": [
            1.0,
            0.42,
            5.0
        ],
        "MOSFET_8_2_L_gm1_PMOS": [
            1.0,
            0.3333333333333333,
            3.0
        ],
        "MOSFET_8_2_M_gm1_PMOS": [
            4,
            1,
            20
        ],
        "MOSFET_8_2_W_gm1_PMOS": [
            1.0,
            0.42,
            5.0
        ],
        "CAPACITOR_0": [
            1.15,
            1e-10,
            0.22999999999999998
        ],
        "CURRENT_0_BIAS": [
            20.0,
            0.0001,
            4.0
        ],
        "CLOAD": [
            500.0,
            1e-10,
            100.0
        ],
        "VCM": [
            300.0,
            1.8,
            100.0
        ]
    },
    "specs": {
        "gain": [
            ">",
            60.0
        ],
        "ugf": [
            ">",
            1000000.0
        ],
        "pm": [
            ">",
            60.0
        ]
    },
    "metrics_patterns": {
        "gain": "^dcgain\\s*=\\s*([+-]?\\d+\\.?\\d*(?:[eE][+-]?\\d+)?)",
        "ugf": "^gain_bandwidth_product\\s*=\\s*([+-]?\\d+\\.?\\d*(?:[eE][+-]?\\d+)?)",
        "pm": "^phase_in_deg\\s*=\\s*([+-]?\\d+\\.?\\d*(?:[eE][+-]?\\d+)?)"
    },
    "metrics_parser_type": "regex",
    "objective": {
        "type": "sum_violations"
    },
    "pdk_corner": "tt"
}