{
    "name": "leung_nmcnr",
    "circuit_file": "circuits/leung_nmcnr/circuit.cir",
    "design_vars": {
        "RESISTOR_0": [
            10.0,
            2.0,
            50.0
        ],
        "MOSFET_10_1_L_gm2_PMOS": [
            1.0,
            0.3333333333333333,
            3.0
        ],
        "MOSFET_10_1_M_gm2_PMOS": [
            4,
            1,
            20
        ],
        "MOSFET_10_1_W_gm2_PMOS": [
            1.0,
            0.42,
            5.0
        ],
        "MOSFET_23_1_L_gm3_NMOS": [
            1.0,
            0.3333333333333333,
            3.0
        ],
        "MOSFET_23_1_M_gm3_NMOS": [
            4,
            1,
            20
        ],
        "MOSFET_23_1_W_gm3_NMOS": [
            1.0,
            0.42,
            5.0
        ],
        "MOSFET_8_2_L_gm1_PMOS": [
            1.0,
            0.3333333333333333,
            3.0
        ],
        "MOSFET_8_2_M_gm1_PMOS": [
            4,
            1,
            20
        ],
        "MOSFET_8_2_W_gm1_PMOS": [
            1.0,
            0.42,
            5.0
        ],
        "MOSFET_0_8_L_BIASCM_PMOS": [
            1.0,
            0.3333333333333333,
            3.0
        ],
        "MOSFET_0_8_M_BIASCM_PMOS": [
            4,
            1,
            20
        ],
        "MOSFET_0_8_W_BIASCM_PMOS": [
            1.0,
            0.42,
            5.0
        ],
        "MOSFET_17_7_L_BIASCM_NMOS": [
            1.0,
            0.3333333333333333,
            3.0
        ],
        "MOSFET_17_7_M_BIASCM_NMOS": [
            4,
            1,
            20
        ],
        "MOSFET_17_7_W_BIASCM_NMOS": [
            1.0,
            0.42,
            5.0
        ],
        "MOSFET_21_2_L_LOAD2_NMOS": [
            1.0,
            0.3333333333333333,
            3.0
        ],
        "MOSFET_21_2_M_LOAD2_NMOS": [
            4,
            1,
            20
        ],
        "MOSFET_21_2_W_LOAD2_NMOS": [
            1.0,
            0.42,
            5.0
        ],
        "CAPACITOR_0": [
            5.0,
            1e-10,
            1.0
        ],
        "CAPACITOR_1": [
            3.0,
            1e-10,
            0.6
        ],
        "CURRENT_0_BIAS": [
            3.0,
            0.0001,
            0.6
        ],
        "CLOAD": [
            10.0,
            1e-10,
            2.0
        ],
        "VCM": [
            300.0,
            1.8,
            100.0
        ]
    },
    "specs": {
        "gain": [
            ">",
            60.0
        ],
        "ugf": [
            ">",
            1000000.0
        ],
        "pm": [
            ">",
            60.0
        ]
    },
    "metrics_patterns": {
        "gain": "^dcgain\\s*=\\s*([+-]?\\d+\\.?\\d*(?:[eE][+-]?\\d+)?)",
        "ugf": "^gain_bandwidth_product\\s*=\\s*([+-]?\\d+\\.?\\d*(?:[eE][+-]?\\d+)?)",
        "pm": "^phase_in_deg\\s*=\\s*([+-]?\\d+\\.?\\d*(?:[eE][+-]?\\d+)?)"
    },
    "metrics_parser_type": "regex",
    "objective": {
        "type": "sum_violations"
    },
    "pdk_corner": "tt"
}