{
  "name": "leung_dfcfc1",
  "circuit_file": "circuits/leung_dfcfc1/circuit.cir",
  "design_vars": {
    "MOSFET_0_8_L_BIASCM_PMOS": [
      1.0,
      0.3333333333333333,
      3.0
    ],
    "MOSFET_0_8_M_BIASCM_PMOS": [
      4,
      1,
      20
    ],
    "MOSFET_0_8_W_BIASCM_PMOS": [
      1.0,
      0.42,
      5.0
    ],
    "MOSFET_11_1_L_gm2_PMOS": [
      1.0,
      0.3333333333333333,
      3.0
    ],
    "MOSFET_11_1_M_gm2_PMOS": [
      200,
      40,
      50
    ],
    "MOSFET_11_1_W_gm2_PMOS": [
      1.0,
      0.42,
      5.0
    ],
    "MOSFET_12_1_L_gmf2_PMOS": [
      1.0,
      0.3333333333333333,
      3.0
    ],
    "MOSFET_12_1_M_gmf2_PMOS": [
      400,
      80,
      50
    ],
    "MOSFET_12_1_W_gmf2_PMOS": [
      1.0,
      0.42,
      5.0
    ],
    "MOSFET_17_7_L_BIASCM_NMOS": [
      1.0,
      0.3333333333333333,
      3.0
    ],
    "MOSFET_17_7_M_BIASCM_NMOS": [
      4,
      1,
      20
    ],
    "MOSFET_17_7_W_BIASCM_NMOS": [
      1.0,
      0.42,
      5.0
    ],
    "MOSFET_18_7_L_BIASCM_NMOS": [
      1.0,
      0.3333333333333333,
      3.0
    ],
    "MOSFET_18_7_M_BIASCM_NMOS": [
      4,
      1,
      20
    ],
    "MOSFET_18_7_W_BIASCM_NMOS": [
      1.0,
      0.42,
      5.0
    ],
    "MOSFET_22_2_L_LOAD2_NMOS": [
      1.0,
      0.3333333333333333,
      3.0
    ],
    "MOSFET_22_2_M_LOAD2_NMOS": [
      4,
      1,
      20
    ],
    "MOSFET_22_2_W_LOAD2_NMOS": [
      1.0,
      0.42,
      5.0
    ],
    "MOSFET_24_1_L_gm4_NMOS": [
      1.0,
      0.3333333333333333,
      3.0
    ],
    "MOSFET_24_1_M_gm4_NMOS": [
      1,
      1,
      5
    ],
    "MOSFET_24_1_W_gm4_NMOS": [
      2.0,
      0.42,
      10.0
    ],
    "MOSFET_25_1_L_gm3_NMOS": [
      1.0,
      0.3333333333333333,
      3.0
    ],
    "MOSFET_25_1_M_gm3_NMOS": [
      400,
      80,
      50
    ],
    "MOSFET_25_1_W_gm3_NMOS": [
      1.0,
      0.42,
      5.0
    ],
    "MOSFET_9_2_L_gm1_PMOS": [
      1.0,
      0.3333333333333333,
      3.0
    ],
    "MOSFET_9_2_M_gm1_PMOS": [
      100,
      20,
      50
    ],
    "MOSFET_9_2_W_gm1_PMOS": [
      1.0,
      0.42,
      5.0
    ],
    "CAPACITOR_0": [
      18.0,
      3.6,
      1e-10
    ],
    "CAPACITOR_1": [
      3.0,
      0.6,
      1e-10
    ],
    "CURRENT_0_BIAS": [
      20.0,
      4.0,
      0.0001
    ],
    "CLOAD": [
      100.0,
      20.0,
      1e-10
    ],
    "VCM": [
      300.0,
      100.0,
      1.8
    ]
  },
  "specs": {
    "gain": [
      ">",
      60.0
    ],
    "ugf": [
      ">",
      1000000.0
    ],
    "pm": [
      ">",
      60.0
    ]
  },
  "metrics_patterns": {
    "gain": "^dcgain\\s*=\\s*([+-]?\\d+\\.?\\d*(?:[eE][+-]?\\d+)?)",
    "ugf": "^gain_bandwidth_product\\s*=\\s*([+-]?\\d+\\.?\\d*(?:[eE][+-]?\\d+)?)",
    "pm": "^phase_in_deg\\s*=\\s*([+-]?\\d+\\.?\\d*(?:[eE][+-]?\\d+)?)"
  },
  "metrics_parser_type": "regex",
  "objective": {
    "type": "sum_violations"
  },
  "pdk_corner": "tt"
}