{
  "name": "ldo_1",
  "circuit_file": "circuits/ldo_1/circuit.cir",
  "design_vars": {
    "W_M0": [
      3.0,
      0.6,
      15.0
    ],
    "L_M0": [
      1.0,
      0.3333333333333333,
      3.0
    ],
    "M_M0": [
      1,
      1,
      5
    ],
    "W_M2": [
      20.0,
      4.0,
      100.0
    ],
    "L_M2": [
      4.0,
      1.3333333333333333,
      4.0
    ],
    "M_M2": [
      1,
      1,
      5
    ],
    "W_M4": [
      1.0,
      0.42,
      5.0
    ],
    "L_M4": [
      0.5,
      0.16666666666666666,
      1.5
    ],
    "M_M4": [
      1,
      1,
      5
    ],
    "W_M6": [
      25.0,
      5.0,
      100.0
    ],
    "L_M6": [
      1.0,
      0.3333333333333333,
      3.0
    ],
    "M_M6": [
      1,
      1,
      5
    ],
    "W_M7": [
      3.0,
      0.6,
      15.0
    ],
    "L_M7": [
      0.5,
      0.16666666666666666,
      1.5
    ],
    "M_M7": [
      1,
      1,
      5
    ],
    "W_M8": [
      100.0,
      20.0,
      100.0
    ],
    "L_M8": [
      1.0,
      0.3333333333333333,
      3.0
    ],
    "M_M8": [
      120,
      24,
      50
    ],
    "current_0_bias": [
      5e-06,
      1.0000000000000002e-06,
      2.5e-05
    ],
    "M_CL": [
      200,
      40,
      50
    ]
  },
  "specs": {
    "dcgain": [
      ">",
      40.0
    ],
    "ugf": [
      ">",
      100000.0
    ],
    "pm": [
      ">",
      45.0
    ],
    "vout": [
      ">",
      0.5
    ]
  },
  "metrics_patterns": {
    "dcgain": "^dcgain1\\s*=\\s*([+-]?\\d+\\.?\\d*(?:[eE][+-]?\\d+)?)",
    "ugf": "^gain_bandwidth_product1\\s*=\\s*([+-]?\\d+\\.?\\d*(?:[eE][+-]?\\d+)?)",
    "pm": "^phase_margin\\s*=\\s*([+-]?\\d+\\.?\\d*(?:[eE][+-]?\\d+)?)",
    "vout": "^vos1\\s*=\\s*([+-]?\\d+\\.?\\d*(?:[eE][+-]?\\d+)?)"
  },
  "metrics_parser_type": "regex",
  "objective": {
    "type": "sum_violations"
  },
  "pdk_corner": "tt"
}