{
    "name": "ramos_pfc",
    "circuit_file": "circuits/ramos_pfc/circuit.cir",
    "design_vars": {
        "MOSFET_11_1_L_gmf1_PMOS": [
            1.0,
            0.3333333333333333,
            3.0
        ],
        "MOSFET_11_1_M_gmf1_PMOS": [
            400,
            50,
            80
        ],
        "MOSFET_11_1_W_gmf1_PMOS": [
            1.0,
            0.42,
            5.0
        ],
        "MOSFET_10_1_L_gm2_PMOS": [
            1.0,
            0.3333333333333333,
            3.0
        ],
        "MOSFET_10_1_M_gm2_PMOS": [
            81,
            16,
            50
        ],
        "MOSFET_10_1_W_gm2_PMOS": [
            1.0,
            0.42,
            5.0
        ],
        "MOSFET_23_1_L_gm3_NMOS": [
            1.0,
            0.3333333333333333,
            3.0
        ],
        "MOSFET_23_1_M_gm3_NMOS": [
            203,
            40,
            50
        ],
        "MOSFET_23_1_W_gm3_NMOS": [
            1.0,
            0.42,
            5.0
        ],
        "MOSFET_8_2_L_gm1_PMOS": [
            1.0,
            0.3333333333333333,
            3.0
        ],
        "MOSFET_8_2_M_gm1_PMOS": [
            148,
            29,
            50
        ],
        "MOSFET_8_2_W_gm1_PMOS": [
            1.0,
            0.42,
            5.0
        ],
        "MOSFET_0_8_L_BIASCM_PMOS": [
            1.0,
            0.3333333333333333,
            3.0
        ],
        "MOSFET_0_8_M_BIASCM_PMOS": [
            71,
            14,
            50
        ],
        "MOSFET_0_8_W_BIASCM_PMOS": [
            1.0,
            0.42,
            5.0
        ],
        "MOSFET_17_7_L_BIASCM_NMOS": [
            1.0,
            0.3333333333333333,
            3.0
        ],
        "MOSFET_17_7_M_BIASCM_NMOS": [
            20,
            4,
            50
        ],
        "MOSFET_17_7_W_BIASCM_NMOS": [
            1.0,
            0.42,
            5.0
        ],
        "MOSFET_21_2_L_LOAD2_NMOS": [
            1.0,
            0.3333333333333333,
            3.0
        ],
        "MOSFET_21_2_M_LOAD2_NMOS": [
            1,
            1,
            5
        ],
        "MOSFET_21_2_W_LOAD2_NMOS": [
            1.0,
            0.42,
            5.0
        ],
        "CAPACITOR_0": [
            63.0,
            1e-10,
            12.6
        ],
        "CAPACITOR_1": [
            25.0,
            1e-10,
            5.0
        ],
        "CURRENT_0_BIAS": [
            24.0,
            0.0001,
            4.8
        ],
        "CLOAD": [
            100.0,
            1e-10,
            20.0
        ],
        "VCM": [
            400.0,
            1.8,
            133.33333333333334
        ]
    },
    "specs": {
        "gain": [
            ">",
            60.0
        ],
        "ugf": [
            ">",
            1000000.0
        ],
        "pm": [
            ">",
            60.0
        ]
    },
    "metrics_patterns": {
        "gain": "^dcgain\\s*=\\s*([+-]?\\d+\\.?\\d*(?:[eE][+-]?\\d+)?)",
        "ugf": "^gain_bandwidth_product\\s*=\\s*([+-]?\\d+\\.?\\d*(?:[eE][+-]?\\d+)?)",
        "pm": "^phase_in_deg\\s*=\\s*([+-]?\\d+\\.?\\d*(?:[eE][+-]?\\d+)?)"
    },
    "metrics_parser_type": "regex",
    "objective": {
        "type": "sum_violations"
    },
    "pdk_corner": "tt"
}