{
    "name": "amp_nmcf",
    "circuit_file": "circuits/amp_nmcf/circuit.cir",
    "design_vars": {
        "MOSFET_0_8_W_BIASCM_PMOS": [
            0.999118,
            0.42,
            4.99559
        ],
        "MOSFET_0_8_L_BIASCM_PMOS": [
            1.011995,
            0.33733166666666664,
            3.035985
        ],
        "MOSFET_0_8_M_BIASCM_PMOS": [
            7,
            1,
            35
        ],
        "MOSFET_8_2_W_gm1_PMOS": [
            8.701178,
            1.7402356,
            43.50589
        ],
        "MOSFET_8_2_L_gm1_PMOS": [
            0.52274,
            0.17424666666666666,
            1.56822
        ],
        "MOSFET_8_2_M_gm1_PMOS": [
            6,
            1,
            30
        ],
        "MOSFET_10_1_W_gm2_PMOS": [
            2.99305,
            0.5986100000000001,
            14.965250000000001
        ],
        "MOSFET_10_1_L_gm2_PMOS": [
            2.054409,
            0.684803,
            4.0
        ],
        "MOSFET_10_1_M_gm2_PMOS": [
            27,
            5,
            50
        ],
        "MOSFET_11_1_W_gmf2_PMOS": [
            1.451549,
            0.42,
            7.257745
        ],
        "MOSFET_11_1_L_gmf2_PMOS": [
            0.667516,
            0.22250533333333333,
            2.002548
        ],
        "MOSFET_11_1_M_gmf2_PMOS": [
            263,
            50,
            52
        ],
        "MOSFET_17_7_W_BIASCM_NMOS": [
            1.556118,
            0.42,
            7.780589999999999
        ],
        "MOSFET_17_7_L_BIASCM_NMOS": [
            0.590141,
            0.19671366666666668,
            1.770423
        ],
        "MOSFET_17_7_M_BIASCM_NMOS": [
            1,
            1,
            5
        ],
        "MOSFET_21_2_W_LOAD2_NMOS": [
            7.399736,
            1.4799472,
            36.99868
        ],
        "MOSFET_21_2_L_LOAD2_NMOS": [
            0.648895,
            0.21629833333333334,
            1.946685
        ],
        "MOSFET_21_2_M_LOAD2_NMOS": [
            21,
            4,
            50
        ],
        "MOSFET_23_1_W_gm3_NMOS": [
            9.822251,
            1.9644502,
            49.111255
        ],
        "MOSFET_23_1_L_gm3_NMOS": [
            3.580161,
            1.193387,
            4.0
        ],
        "MOSFET_23_1_M_gm3_NMOS": [
            17,
            3,
            50
        ],
        "CURRENT_0_BIAS": [
            4.959151e-06,
            1e-06,
            2.4795755e-05
        ],
        "M_C0": [
            1,
            1,
            5
        ],
        "M_C1": [
            12,
            2,
            50
        ]
    },
    "specs": {
        "gain": [
            ">",
            60.0
        ],
        "ugf": [
            ">",
            1000000.0
        ],
        "pm": [
            ">",
            60.0
        ]
    },
    "metrics_patterns": {
        "gain": "^dcgain_?\\s*=\\s*([+-]?\\d+\\.?\\d*(?:[eE][+-]?\\d+)?)",
        "ugf": "^gain_bandwidth_product_?\\s*=\\s*([+-]?\\d+\\.?\\d*(?:[eE][+-]?\\d+)?)",
        "pm": "^phase_margin\\s*=\\s*([+-]?\\d+\\.?\\d*(?:[eE][+-]?\\d+)?)"
    },
    "metrics_parser_type": "regex",
    "objective": {
        "type": "sum_violations"
    },
    "pdk_corner": "tt"
}